insert into USERS (id, email, password) values (1, 'igor12179@onet.com', 'kozak12179');
insert into USERS (id, email, password) values (2, 'pmitro1@shop-pro.jp', 'MRXvclOrIR');
insert into USERS (id, email, password) values (3, 'bglentworth2@parallels.com', 'elEmCrXZnW');
insert into USERS (id, email, password) values (4, 'utobin3@reference.com', 'a0l3HfQLhtP4');
insert into USERS (id, email, password) values (5, 'bcaccavale4@plala.or.jp', '3fahUoEixBTO');
insert into USERS (id, email, password) values (6, 'gyewen5@un.org', 'nWeUCPOsOVv');
insert into USERS (id, email, password) values (7, 'fbream6@jalbum.net', 'bUe6SHkR');
insert into USERS (id, email, password) values (8, 'btwyford7@apple.com', 'Xofaip2');
insert into USERS (id, email, password) values (9, 'elidgate8@list-manage.com', 'V0fKp9v0h');
insert into USERS (id, email, password) values (10, 'vlongridge9@marketwatch.com', '3VsULuQ6v');

insert into RECIPES (id, user_id, name, description, instruction, preparation_time, difficulty, meal_type, cuisine_type) values (1, 1, 'Spaghetti', 'Tasty Spadzetti', 'Removal of Infusion Device from Lower Artery, Perc Approach', 48, 'MEDIUM', 'DESSERT', 'POLISH');
insert into RECIPES (id, user_id, name, description, instruction, preparation_time, difficulty, meal_type, cuisine_type) values (2, 1, 'Piza', 'Open heart valvuloplasty of tricuspid valve without replacement', 'Occlusion Hemiazygos Vein w Intralum Dev, Open', 16, 'MEDIUM', 'DESSERT', 'AMERICAN');
insert into RECIPES (id, user_id, name, description, instruction, preparation_time, difficulty, meal_type, cuisine_type) values (3, 1, 'Burgir', 'Percutaneous hepatic cholangiogram', 'Nonspoken Language Assessment using Computer', 47, 'EASY', 'SUPPER', 'AMERICAN');
insert into RECIPES (id, user_id, name, description, instruction, preparation_time, difficulty, meal_type, cuisine_type) values (4, 2, 'Croisant', 'Repair of atrial septal defect with prosthesis, open technique', 'Resection of Large Intestine, Via Opening', 27, 'MEDIUM', 'DESSERT', 'AMERICAN');
insert into RECIPES (id, user_id, name, description, instruction, preparation_time, difficulty, meal_type, cuisine_type) values (5, 3, 'Lays', 'Other incision with drainage of skin and subcutaneous tissue', 'Destruction of Left Vocal Cord, Endo', 11, 'HARD', 'BREAKFAST', 'OTHERS');
insert into RECIPES (id, user_id, name, description, instruction, preparation_time, difficulty, meal_type, cuisine_type) values (6, 4, 'Cola', 'Other plastic repair of mouth', 'Destruction of Right Glenoid Cavity, Perc Endo Approach', 53, 'MEDIUM', 'SUPPER', 'FAST FOOD');
insert into RECIPES (id, user_id, name, description, instruction, preparation_time, difficulty, meal_type, cuisine_type) values (7, 5, 'Nitzsche Group', 'Laparoscopic right hemicolectomy', 'Revise Synth Sub in L Knee Jt, Patella, Perc Endo', 58, 'MEDIUM', 'SUPPER', 'MEXICAN');
insert into RECIPES (id, user_id, name, description, instruction, preparation_time, difficulty, meal_type, cuisine_type) values (8, 6, 'Murray-Sawayn', 'Destruction of hemorrhoids by cryotherapy', 'Repair Sigmoid Colon, Endo', 40, 'EASY', 'SUPPER', 'TAI');
insert into RECIPES (id, user_id, name, description, instruction, preparation_time, difficulty, meal_type, cuisine_type) values (9, 6, 'Trantow Group', 'Debridement of open fracture site, femur', 'Ultrasound Therapy of Other Vessels, Multiple', 42, 'EASY', 'DINNER', 'TAI');
insert into RECIPES (id, user_id, name, description, instruction, preparation_time, difficulty, meal_type, cuisine_type) values (10, 7, 'Casper-Dare', 'Insertion of totally implantable vascular access device [VAD]', 'Change Other Device in Salivary Gland, External Approach', 10, 'EASY', 'DESSERT', 'POLISH');
insert into RECIPES (id, user_id, name, description, instruction, preparation_time, difficulty, meal_type, cuisine_type) values (11, 8, 'Casper LLC', 'Implantation of cardiac resynchronization pacemaker without mention of defibrillation, total system [CRT-P]', 'Removal of Intraluminal Device from Stomach, Open Approach', 32, 'MEDIUM', 'BREAKFAST', 'TAI');
insert into RECIPES (id, user_id, name, description, instruction, preparation_time, difficulty, meal_type, cuisine_type) values (12, 9, 'Bergnaum-Friesen', 'Microscopic examination of specimen from unspecified site, other microscopic examination', 'Removal of Nonaut Sub from Sternum, Open Approach', 24, 'EASY', 'SUPPER', 'FAST FOOD');
insert into RECIPES (id, user_id, name, description, instruction, preparation_time, difficulty, meal_type, cuisine_type) values (13, 4, 'Christiansen, Gerhold and Lebsack', 'Other kidney transplantation', 'Removal of Int Fix from L Sternoclav Jt, Perc Approach', 27, 'HARD', 'SUPPER', 'OTHERS');
insert into RECIPES (id, user_id, name, description, instruction, preparation_time, difficulty, meal_type, cuisine_type) values (14, 5, 'Wilderman-Monahan', 'Fitting of prosthesis above knee', 'Introduce of Oth Diagn Subst into Male Reprod, Via Opening', 52, 'EASY', 'BREAKFAST', 'OTHERS');
insert into RECIPES (id, user_id, name, description, instruction, preparation_time, difficulty, meal_type, cuisine_type) values (15, 6, 'Gibson, Emmerich and Gutmann', 'Group therapy for psychosexual dysfunction', 'Drainage of R Metacarpophal Jt, Open Approach, Diagn', 51, 'HARD', 'DESSERT', 'POLISH');
insert into RECIPES (id, user_id, name, description, instruction, preparation_time, difficulty, meal_type, cuisine_type) values (16, 6, 'Windler, Harber and Greenholt', 'Other prostatectomy', 'Extirpation of Matter from 1 Cor Art, Perc Approach', 54, 'HARD', 'SUPPER', 'TAI');
insert into RECIPES (id, user_id, name, description, instruction, preparation_time, difficulty, meal_type, cuisine_type) values (17, 7, 'Marquardt, Kulas and Carroll', 'Other excision of joint, elbow', 'Drainage of R Axilla Vein with Drain Dev, Perc Approach', 28, 'EASY', 'BREAKFAST', 'TAI');
insert into RECIPES (id, user_id, name, description, instruction, preparation_time, difficulty, meal_type, cuisine_type) values (18, 8, 'Cummings and Sons', 'Other operations on anus', 'Occlusion of Common Bile Duct, Endo', 47, 'HARD', 'DINNER', 'FAST FOOD');
insert into RECIPES (id, user_id, name, description, instruction, preparation_time, difficulty, meal_type, cuisine_type) values (19, 8, 'Schmeler, Considine and Muller', 'Insertion or replacement of single array neurostimulator pulse generator, not specified as rechargeable', 'Revision of Stimulator Lead in Upper Artery, Open Approach', 16, 'EASY', 'BREAKFAST', 'OTHERS');
insert into RECIPES (id, user_id, name, description, instruction, preparation_time, difficulty, meal_type, cuisine_type) values (20, 10, 'Morar, Hoppe and Oberbrunner', 'Repair of cystocele with graft or prosthesis', 'Reposition Left Humeral Head, Percutaneous Approach', 44, 'MEDIUM', 'SUPPER', 'AMERICAN');

insert into INGREDIENTS (id, recipe_id, name, quantity, unit) values (1, 1, 'Pork - Tenderloin, Fresh', 880, 'MILILITERS');
insert into INGREDIENTS (id, recipe_id, name, quantity, unit) values (2, 2, 'Cognac - Courvaisier', 422, 'GRAMS');
insert into INGREDIENTS (id, recipe_id, name, quantity, unit) values (3, 3, 'Bread Cranberry Foccacia', 672, 'MILILITERS');
insert into INGREDIENTS (id, recipe_id, name, quantity, unit) values (4, 4, 'Apples - Sliced / Wedge', 160, 'LITRES');
insert into INGREDIENTS (id, recipe_id, name, quantity, unit) values (5, 5, 'Soup - Clam Chowder, Dry Mix', 140, 'PIECE');
insert into INGREDIENTS (id, recipe_id, name, quantity, unit) values (6, 6, 'Beef - Shank', 984, 'KILOGRAMS');
insert into INGREDIENTS (id, recipe_id, name, quantity, unit) values (7, 7, 'Sobe - Lizard Fuel', 995, 'LITRES');
insert into INGREDIENTS (id, recipe_id, name, quantity, unit) values (8, 8, 'Chocolate - Dark Callets', 690, 'GRAMS');
insert into INGREDIENTS (id, recipe_id, name, quantity, unit) values (9, 9, 'Lamb Rack - Ontario', 216, 'MILILITERS');
insert into INGREDIENTS (id, recipe_id, name, quantity, unit) values (10, 10, 'Wine - Domaine Boyar Royal', 696, 'KILOGRAMS');
insert into INGREDIENTS (id, recipe_id, name, quantity, unit) values (11, 11, 'Jolt Cola - Red Eye', 799, 'MILILITERS');
insert into INGREDIENTS (id, recipe_id, name, quantity, unit) values (12, 12, 'Tea - Herbal Orange Spice', 655, 'LITRES');
insert into INGREDIENTS (id, recipe_id, name, quantity, unit) values (13, 13, 'Broom - Push', 873, 'PIECE');
insert into INGREDIENTS (id, recipe_id, name, quantity, unit) values (14, 14, 'Bread - French Baquette', 637, 'KILOGRAMS');
insert into INGREDIENTS (id, recipe_id, name, quantity, unit) values (15, 15, 'Artichoke - Hearts, Canned', 3, 'PIECE');
insert into INGREDIENTS (id, recipe_id, name, quantity, unit) values (16, 16, 'Bar Mix - Pina Colada, 355 Ml', 192, 'LITRES');
insert into INGREDIENTS (id, recipe_id, name, quantity, unit) values (17, 17, 'Soup Campbells Split Pea And Ham', 833, 'LITRES');
insert into INGREDIENTS (id, recipe_id, name, quantity, unit) values (18, 18, 'Apple - Delicious, Red', 668, 'LITRES');
insert into INGREDIENTS (id, recipe_id, name, quantity, unit) values (19, 19, 'Lime Cordial - Roses', 759, 'GRAMS');
insert into INGREDIENTS (id, recipe_id, name, quantity, unit) values (20, 20, 'Wine - Tio Pepe Sherry Fino', 187, 'GRAMS');
insert into INGREDIENTS (id, recipe_id, name, quantity, unit) values (21, 10, 'Eggwhite Frozen', 904, 'LITRES');
insert into INGREDIENTS (id, recipe_id, name, quantity, unit) values (22, 10, 'Cloves - Whole', 691, 'GRAMS');
insert into INGREDIENTS (id, recipe_id, name, quantity, unit) values (23, 14, 'Cookie Choc', 803, 'LITRES');
insert into INGREDIENTS (id, recipe_id, name, quantity, unit) values (24, 15, 'Veal - Leg', 468, 'GRAMS');
insert into INGREDIENTS (id, recipe_id, name, quantity, unit) values (25, 12, 'Tomatoes - Grape', 708, 'GRAMS');
insert into INGREDIENTS (id, recipe_id, name, quantity, unit) values (26, 11, 'Oil - Coconut', 567, 'LITRES');
insert into INGREDIENTS (id, recipe_id, name, quantity, unit) values (27, 6, 'Soup - French Onion', 859, 'GRAMS');
insert into INGREDIENTS (id, recipe_id, name, quantity, unit) values (28, 7, 'Spice - Paprika', 187, 'KILOGRAMS');
insert into INGREDIENTS (id, recipe_id, name, quantity, unit) values (29, 9, 'Bread - Roll, Soft White Round', 441, 'LITRES');
insert into INGREDIENTS (id, recipe_id, name, quantity, unit) values (30, 5, 'Nut - Cashews, Whole, Raw', 62, 'LITRES');
insert into INGREDIENTS (id, recipe_id, name, quantity, unit) values (31, 4, 'Salmon - Smoked, Sliced', 65, 'GRAMS');
insert into INGREDIENTS (id, recipe_id, name, quantity, unit) values (32, 3, 'Nori Sea Weed - Gold Label', 702, 'LITRES');
insert into INGREDIENTS (id, recipe_id, name, quantity, unit) values (33, 12, 'Watercress', 77, 'PIECE');
insert into INGREDIENTS (id, recipe_id, name, quantity, unit) values (34, 14, 'Muffin - Banana Nut Individual', 99, 'LITRES');
insert into INGREDIENTS (id, recipe_id, name, quantity, unit) values (35, 1, 'Veal - Kidney', 128, 'KILOGRAMS');
insert into INGREDIENTS (id, recipe_id, name, quantity, unit) values (36, 16, 'Lettuce - Romaine, Heart', 512, 'GRAMS');
insert into INGREDIENTS (id, recipe_id, name, quantity, unit) values (37, 4, 'Okra', 629, 'KILOGRAMS');
insert into INGREDIENTS (id, recipe_id, name, quantity, unit) values (38, 5, 'Creme De Banane - Marie', 44, 'LITRES');
insert into INGREDIENTS (id, recipe_id, name, quantity, unit) values (39, 6, 'Oil - Safflower', 81, 'LITRES');
insert into INGREDIENTS (id, recipe_id, name, quantity, unit) values (40, 8, 'Calvados - Boulard', 814, 'MILILITERS');
insert into INGREDIENTS (id, recipe_id, name, quantity, unit) values (41, 14, 'Ocean Spray - Ruby Red', 71, 'LITRES');
insert into INGREDIENTS (id, recipe_id, name, quantity, unit) values (42, 16, 'Curry Paste - Green Masala', 444, 'MILILITERS');
insert into INGREDIENTS (id, recipe_id, name, quantity, unit) values (43, 19, 'Wine - Casillero Deldiablo', 134, 'PIECE');
insert into INGREDIENTS (id, recipe_id, name, quantity, unit) values (44, 16, 'Sponge Cake Mix - Vanilla', 871, 'MILILITERS');
insert into INGREDIENTS (id, recipe_id, name, quantity, unit) values (45, 16, 'Jam - Raspberry,jar', 870, 'MILILITERS');
insert into INGREDIENTS (id, recipe_id, name, quantity, unit) values (46, 17, 'Wine - Mondavi Coastal Private', 300, 'KILOGRAMS');
insert into INGREDIENTS (id, recipe_id, name, quantity, unit) values (47, 19, 'Mop Head - Cotton, 24 Oz', 808, 'GRAMS');
insert into INGREDIENTS (id, recipe_id, name, quantity, unit) values (48, 18, 'Lobster - Baby, Boiled', 373, 'MILILITERS');
insert into INGREDIENTS (id, recipe_id, name, quantity, unit) values (49, 19, 'Salmon Steak - Cohoe 8 Oz', 10, 'GRAMS');
insert into INGREDIENTS (id, recipe_id, name, quantity, unit) values (50, 10, 'Cleaner - Comet', 278, 'MILILITERS');

insert into FAVORITE_RECIPES (id, user_id, recipe_id) values (1, 1, 1);
insert into FAVORITE_RECIPES (id, user_id, recipe_id) values (2, 1, 2);
insert into FAVORITE_RECIPES (id, user_id, recipe_id) values (3, 1, 3);
insert into FAVORITE_RECIPES (id, user_id, recipe_id) values (4, 1, 4);
insert into FAVORITE_RECIPES (id, user_id, recipe_id) values (5, 2, 5);
insert into FAVORITE_RECIPES (id, user_id, recipe_id) values (6, 3, 6);
insert into FAVORITE_RECIPES (id, user_id, recipe_id) values (7, 5, 7);
insert into FAVORITE_RECIPES (id, user_id, recipe_id) values (8, 8, 6);
insert into FAVORITE_RECIPES (id, user_id, recipe_id) values (9, 9, 6);
insert into FAVORITE_RECIPES (id, user_id, recipe_id) values (10, 10, 10);

